filenames,0,1,2,3,4,5,6,7,8,9,10,11,12,13,14,15,16,17,18,19,20,21,22,23,24,25,26,27,28,29,30,31,32,33,34,35,36,37,38,39,40,41,42,43,44,45,46,47,48,49,50,51,52,53,54,55,56,57,58,59,60,61,62,63,64,65,66,67,68,69,70,71,72,73,74,75,76,77,78,79,80,81,82,83,84,85,86,87
06SR5RBREL16DQ6M8LWS,1,1,1,1,1,1,1,1,1,1,1,1,1,1,1,1,1,1,1,1,5,4,5,4,5,4,5,5,3,5,5,5,3,4,5,3,4,5,4,4,3,4,4,5,3,4,4,5,3,5,4,5,4,3,4,4,3,5,3,5,5,3,4,5,5,5,3,4,1,1,1,1,1,1,1,1,1,1,1,1,1,1,1,1,1,1,1,1
0RZDK210BSMWAA6467LU,1,1,1,1,1,1,1,1,1,1,1,1,1,1,1,1,1,1,1,1,5,5,5,5,3,4,4,3,4,5,4,4,3,5,4,5,5,5,3,3,4,3,5,4,4,3,5,5,4,4,3,3,4,5,3,5,5,4,4,4,5,3,3,5,3,5,3,4,1,1,1,1,1,1,1,1,1,1,1,1,1,1,1,1,1,1,1,1
1D7CUD1955YZPGK8XHJX,1,1,1,1,1,1,1,1,1,1,1,1,1,1,1,1,1,1,1,1,5,4,3,5,3,5,4,5,4,4,5,3,3,3,3,4,4,5,5,3,3,3,5,4,4,3,3,3,5,4,4,5,4,3,4,3,4,4,4,5,4,3,5,5,5,4,3,3,1,1,1,1,1,1,1,1,1,1,1,1,1,1,1,1,1,1,1,1
1GU15S0GJ6PFNARO469W,1,1,1,1,1,1,1,1,1,1,1,1,1,1,1,1,1,1,1,1,3,4,3,3,3,5,3,5,3,4,3,3,3,4,5,4,3,5,4,4,4,3,4,3,4,3,3,3,5,4,5,4,4,4,4,4,4,3,3,5,5,3,4,4,3,5,3,3,1,1,1,1,1,1,1,1,1,1,1,1,1,1,1,1,1,1,1,1
1MHBF3G6DCPWHSKG7XCP,1,1,1,1,1,1,1,1,1,1,1,1,1,1,1,1,1,1,1,1,4,5,3,3,3,3,3,3,5,3,3,5,3,5,3,4,3,5,3,5,4,3,4,4,3,4,4,5,4,4,5,5,3,3,3,4,3,4,4,4,4,4,5,4,5,5,3,3,1,1,1,1,1,1,1,1,1,1,1,1,1,1,1,1,1,1,1,1
23X6SY44VT9KFHR7S7OC,1,1,1,1,1,1,1,1,1,1,1,1,1,1,1,1,1,1,1,1,3,5,3,5,5,4,4,5,3,5,3,4,3,5,5,5,4,5,3,5,5,4,4,4,3,5,5,4,3,5,3,4,3,3,4,5,3,4,4,3,5,5,5,5,4,3,5,3,1,1,1,1,1,1,1,1,1,1,1,1,1,1,1,1,1,1,1,1
2XL5HSFSE93RMOJDRGR4,1,1,1,1,1,1,1,1,1,1,1,1,1,1,1,1,1,1,1,1,4,4,4,3,4,3,4,5,5,3,4,4,3,4,5,4,4,3,5,5,4,3,3,4,5,5,4,4,5,4,5,3,5,5,5,5,3,5,3,3,3,5,3,4,3,5,3,3,1,1,1,1,1,1,1,1,1,1,1,1,1,1,1,1,1,1,1,1
38CWS74285MFGZZXR09Z,1,1,1,1,1,1,1,1,1,1,1,1,1,1,1,1,1,1,1,1,4,4,4,3,3,4,3,4,4,5,5,4,5,4,4,3,4,3,4,4,5,3,4,4,5,4,4,5,5,3,5,4,5,3,3,4,5,3,5,3,5,3,3,5,3,5,5,5,1,1,1,1,1,1,1,1,1,1,1,1,1,1,1,1,1,1,1,1
3C2QTUNI0852XV7ZH4Q1,1,1,1,1,1,1,1,1,1,1,1,1,1,1,1,1,1,1,1,1,3,3,5,3,4,3,3,4,4,5,4,5,3,5,5,3,3,4,5,3,3,3,4,5,3,5,3,4,3,4,4,4,4,5,3,4,3,3,3,5,5,5,4,3,5,3,4,4,1,1,1,1,1,1,1,1,1,1,1,1,1,1,1,1,1,1,1,1
3DA0T2V6JJ2NLUAV6FWM,1,1,1,1,1,1,1,1,1,1,1,1,1,1,1,1,1,1,1,1,4,5,4,4,5,4,3,4,5,5,4,3,3,5,3,3,5,3,5,3,4,5,5,4,5,4,3,4,3,4,3,4,3,4,3,4,3,4,5,5,5,3,4,5,5,4,4,4,1,1,1,1,1,1,1,1,1,1,1,1,1,1,1,1,1,1,1,1
4498CA6DZWELOXCBRYRF,1,1,1,1,1,1,1,1,1,1,1,1,1,1,1,1,1,1,1,1,3,3,3,5,5,3,3,4,4,3,5,4,3,3,4,5,5,4,3,4,5,3,5,5,3,3,5,5,3,5,5,5,4,5,4,5,4,3,5,4,3,4,5,3,4,5,3,4,1,1,1,1,1,1,1,1,1,1,1,1,1,1,1,1,1,1,1,1
45C45I6IXAFGNRO067W9,1,1,1,1,1,1,1,1,1,1,1,1,1,1,1,1,1,1,1,1,5,4,4,5,4,5,4,5,3,5,3,4,4,4,5,3,4,5,3,3,3,3,4,3,5,5,5,4,4,5,4,3,4,3,5,5,5,5,5,3,3,4,4,4,3,3,4,5,1,1,1,1,1,1,1,1,1,1,1,1,1,1,1,1,1,1,1,1
4CHFJGF6ZUM7CMZTNFQF,1,1,1,1,1,1,1,1,1,1,1,1,1,1,1,1,1,1,1,1,5,3,5,4,5,4,3,4,5,3,4,3,4,4,4,3,4,5,3,4,3,3,5,4,4,5,5,4,3,5,3,4,5,3,5,3,4,4,5,4,3,4,3,4,4,4,3,4,1,1,1,1,1,1,1,1,1,1,1,1,1,1,1,1,1,1,1,1
4EPVTT1HPA8U60CDUKXE,1,1,1,1,1,1,1,1,1,1,1,1,1,1,1,1,1,1,1,1,5,5,3,4,3,3,4,5,5,3,5,3,3,5,5,5,4,5,3,3,3,4,4,4,3,4,4,3,3,3,5,5,4,3,4,4,4,4,3,5,5,4,5,4,4,5,3,5,1,1,1,1,1,1,1,1,1,1,1,1,1,1,1,1,1,1,1,1
57SGAJMLCTCH92QUA0EE,1,1,1,1,1,1,1,1,1,1,1,1,1,1,1,1,1,1,1,1,5,3,5,3,3,4,4,4,5,3,5,5,5,3,4,5,5,5,5,4,4,5,4,3,3,4,3,5,5,4,3,3,4,4,5,4,5,5,4,4,4,4,5,3,4,5,3,3,1,1,1,1,1,1,1,1,1,1,1,1,1,1,1,1,1,1,1,1
5BHTH9RHH3PQT913I59W,1,1,1,1,1,1,1,1,1,1,1,1,1,1,1,1,1,1,1,1,5,4,3,5,5,3,3,4,3,3,5,5,5,5,5,5,4,3,3,3,5,3,5,5,5,5,5,5,4,3,3,3,5,3,3,3,3,4,3,4,3,4,4,4,3,3,3,5,1,1,1,1,1,1,1,1,1,1,1,1,1,1,1,1,1,1,1,1
5FKQL4K14KCB72Y8YMC2,1,1,1,1,1,1,1,1,1,1,1,1,1,1,1,1,1,1,1,1,4,3,4,5,5,4,4,4,3,3,3,5,3,5,4,5,5,4,5,3,4,5,5,5,4,4,3,3,3,3,3,5,3,3,5,5,4,3,5,3,5,3,4,5,3,5,3,3,1,1,1,1,1,1,1,1,1,1,1,1,1,1,1,1,1,1,1,1
5HH0WPWIY06DLAFOBQ4M,1,1,1,1,1,1,1,1,1,1,1,1,1,1,1,1,1,1,1,1,4,3,5,4,3,4,3,5,4,3,4,3,4,4,4,4,4,5,4,5,3,3,5,4,3,5,4,3,5,3,3,3,3,4,3,5,5,4,3,5,4,3,5,5,3,3,3,5,1,1,1,1,1,1,1,1,1,1,1,1,1,1,1,1,1,1,1,1
5QFK2PMHNX7UALK52NNA,1,1,1,1,1,1,1,1,1,1,1,1,1,1,1,1,1,1,1,1,3,3,4,5,3,5,4,5,3,4,3,3,4,4,4,5,5,3,3,4,3,4,5,3,5,4,3,3,5,4,5,4,4,3,3,4,5,3,4,5,5,5,3,3,3,3,3,3,1,1,1,1,1,1,1,1,1,1,1,1,1,1,1,1,1,1,1,1
5UB5KFD2PK38Z4LS6W80,1,1,1,1,1,1,1,1,1,1,1,1,1,1,1,1,1,1,1,1,4,4,3,4,5,5,3,5,4,3,5,3,4,3,3,5,5,4,3,3,4,4,3,4,4,4,5,3,5,4,5,3,3,4,4,5,4,4,5,3,4,4,5,3,4,3,4,3,1,1,1,1,1,1,1,1,1,1,1,1,1,1,1,1,1,1,1,1
6799D6LEBH3NSRV1KH27,1,1,1,1,1,1,1,1,1,1,1,1,1,1,1,1,1,1,1,1,4,4,5,5,4,5,4,3,5,3,5,3,5,5,5,3,5,5,4,5,4,3,4,5,4,5,5,4,5,4,3,4,3,4,3,5,4,4,3,4,4,5,4,5,4,5,3,4,1,1,1,1,1,1,1,1,1,1,1,1,1,1,1,1,1,1,1,1
78NJ5YFQF72BGC8RO51C,1,1,1,1,1,1,1,1,1,1,1,1,1,1,1,1,1,1,1,1,4,4,4,5,4,5,4,4,5,5,3,5,3,3,5,4,3,3,5,5,3,3,5,5,3,3,4,3,4,3,5,5,3,4,5,5,3,3,5,4,4,5,3,5,3,3,3,5,1,1,1,1,1,1,1,1,1,1,1,1,1,1,1,1,1,1,1,1
7FUCNXB39F78WTOP5K71,1,1,1,1,1,1,1,1,1,1,1,1,1,1,1,1,1,1,1,1,3,3,4,3,3,5,5,5,5,5,5,4,3,5,3,4,3,4,5,5,5,4,4,3,3,5,4,5,3,5,5,5,5,4,4,3,3,5,4,3,3,4,4,3,3,3,5,3,1,1,1,1,1,1,1,1,1,1,1,1,1,1,1,1,1,1,1,1
8GYK8A9MBRC9TV0FVSRA,1,1,1,1,1,1,1,1,1,1,1,1,1,1,1,1,1,1,1,1,4,4,3,3,3,3,5,4,3,4,5,4,5,4,5,4,5,3,3,3,4,5,4,3,5,5,3,5,3,5,5,3,3,3,3,3,3,3,3,3,5,3,3,3,4,4,5,5,1,1,1,1,1,1,1,1,1,1,1,1,1,1,1,1,1,1,1,1
8M99G0JLAXG9GLPV0O8G,1,1,1,1,1,1,1,1,1,1,1,1,1,1,1,1,1,1,1,1,3,4,3,3,5,3,5,4,3,4,5,4,3,5,5,3,5,5,5,5,3,4,4,5,3,4,3,5,3,3,5,5,5,3,4,5,5,3,3,5,5,4,3,5,5,5,5,5,1,1,1,1,1,1,1,1,1,1,1,1,1,1,1,1,1,1,1,1
8RE90C8H5DKF4V6HO8UU,1,1,1,1,1,1,1,1,1,1,1,1,1,1,1,1,1,1,1,1,3,4,4,4,5,4,4,4,4,3,5,4,4,4,3,4,4,4,4,4,4,5,5,5,4,5,4,3,5,5,4,5,4,5,5,3,5,3,4,5,5,3,3,3,4,4,5,4,1,1,1,1,1,1,1,1,1,1,1,1,1,1,1,1,1,1,1,1
8ZG2TRZ81MAWHZPN9KKG,1,1,1,1,1,1,1,1,1,1,1,1,1,1,1,1,1,1,1,1,5,4,5,5,4,4,3,3,5,5,5,4,3,4,5,5,5,5,4,4,5,4,3,3,3,5,3,3,4,4,4,4,5,3,3,5,5,4,3,5,5,4,4,4,4,5,4,3,1,1,1,1,1,1,1,1,1,1,1,1,1,1,1,1,1,1,1,1
9DCM2IB45SK6YKQNYUQY,1,1,1,1,1,1,1,1,1,1,1,1,1,1,1,1,1,1,1,1,5,5,3,5,4,5,5,5,5,3,3,4,3,5,5,5,4,4,3,3,4,4,3,5,4,5,3,3,5,3,5,4,5,5,4,5,4,3,3,4,5,4,3,5,3,5,3,5,1,1,1,1,1,1,1,1,1,1,1,1,1,1,1,1,1,1,1,1
9DHWWP5Y66VDMPXISZ13,1,1,1,1,1,1,1,1,1,1,1,1,1,1,1,1,1,1,1,1,3,3,4,3,4,5,5,3,4,5,3,4,3,3,5,3,3,5,4,5,4,3,5,5,3,4,3,3,3,5,5,5,3,4,3,3,5,5,5,3,5,5,3,5,5,4,5,4,1,1,1,1,1,1,1,1,1,1,1,1,1,1,1,1,1,1,1,1
9DQYTIU00I4JC0OEOKQQ,1,1,1,1,1,1,1,1,1,1,1,1,1,1,1,1,1,1,1,1,5,4,5,3,5,5,3,5,4,3,5,5,5,3,3,5,5,3,4,5,4,3,5,3,4,4,4,4,5,3,5,3,4,5,4,4,3,3,3,5,3,3,3,4,5,3,3,5,1,1,1,1,1,1,1,1,1,1,1,1,1,1,1,1,1,1,1,1
A11O45O3NAXWM7T2H8CH,1,1,1,1,1,1,1,1,1,1,1,1,1,1,1,1,1,1,1,1,5,5,3,5,3,3,5,4,3,3,4,5,4,4,4,3,4,4,5,5,4,5,4,3,3,3,5,4,5,4,3,3,3,4,4,3,5,5,3,4,5,3,4,3,3,5,4,5,1,1,1,1,1,1,1,1,1,1,1,1,1,1,1,1,1,1,1,1
A4R1S23KR0KU2WSYHK2X,1,1,1,1,1,1,1,1,1,1,1,1,1,1,1,1,1,1,1,1,4,4,3,4,5,3,4,3,3,3,3,3,5,3,4,4,4,5,5,3,5,5,4,4,4,4,3,3,3,3,4,4,3,3,3,3,3,3,5,5,5,4,5,5,3,4,5,5,1,1,1,1,1,1,1,1,1,1,1,1,1,1,1,1,1,1,1,1
A5RNNK0A891WUSC2V624,1,1,1,1,1,1,1,1,1,1,1,1,1,1,1,1,1,1,1,1,5,4,4,3,3,3,5,4,5,5,4,4,3,4,3,3,4,5,3,3,3,4,5,5,4,5,5,5,4,4,3,4,4,5,5,5,4,3,3,3,3,4,5,4,3,4,3,5,1,1,1,1,1,1,1,1,1,1,1,1,1,1,1,1,1,1,1,1
AT5CRO5JUDBWD4RUPXSQ,1,1,1,1,1,1,1,1,1,1,1,1,1,1,1,1,1,1,1,1,5,3,4,3,3,5,3,3,3,5,3,3,5,4,3,4,5,3,4,4,3,3,4,4,3,5,5,3,3,5,3,5,4,4,4,3,4,4,4,4,4,4,5,5,4,4,5,5,1,1,1,1,1,1,1,1,1,1,1,1,1,1,1,1,1,1,1,1
BNK95S2SJXEGSW7VAKYU,1,1,1,1,1,1,1,1,1,1,1,1,1,1,1,1,1,1,1,1,3,3,5,3,3,3,3,5,5,4,3,5,3,5,3,5,5,5,4,3,4,3,3,5,4,3,5,4,5,5,5,3,3,5,4,3,4,5,5,5,4,5,5,5,5,4,4,3,1,1,1,1,1,1,1,1,1,1,1,1,1,1,1,1,1,1,1,1
BXJWOUYP2J3EN4U92517,1,1,1,1,1,1,1,1,1,1,1,1,1,1,1,1,1,1,1,1,5,3,4,4,4,4,4,4,4,4,4,3,3,4,5,4,3,3,4,5,5,5,4,3,4,4,5,4,3,4,3,3,4,4,4,3,5,4,3,5,3,4,5,3,4,5,3,3,1,1,1,1,1,1,1,1,1,1,1,1,1,1,1,1,1,1,1,1
BYSRSI3H4YTWKMM3MADP,1,1,1,1,1,1,1,1,1,1,1,1,1,1,1,1,1,1,1,1,5,4,3,3,5,5,3,3,4,5,4,5,5,4,4,4,3,5,3,5,3,3,3,5,4,5,4,4,3,3,3,3,5,3,5,4,5,4,5,4,3,3,3,3,3,5,4,5,1,1,1,1,1,1,1,1,1,1,1,1,1,1,1,1,1,1,1,1
BZUFJX66T0W6ZPVTL9DU,1,1,1,1,1,1,1,1,1,1,1,1,1,1,1,1,1,1,1,1,4,3,3,5,3,5,5,5,3,4,5,4,3,5,3,3,3,4,5,5,5,4,5,5,5,3,3,3,4,4,3,3,3,5,5,3,3,3,5,5,5,4,4,5,3,4,3,5,1,1,1,1,1,1,1,1,1,1,1,1,1,1,1,1,1,1,1,1
CB5P5W7X310NIIVU7UZV,1,1,1,1,1,1,1,1,1,1,1,1,1,1,1,1,1,1,1,1,5,4,5,5,4,4,5,3,5,3,4,3,3,4,4,5,4,5,3,5,5,3,4,4,5,3,5,3,3,3,5,3,3,3,5,4,5,4,5,5,3,5,4,3,4,5,3,5,1,1,1,1,1,1,1,1,1,1,1,1,1,1,1,1,1,1,1,1
CBIJFVZ5L9BS0LKWE8YL,1,1,1,1,1,1,1,1,1,1,1,1,1,1,1,1,1,1,1,1,3,3,5,5,5,4,3,3,3,3,5,3,3,4,5,4,4,4,4,4,3,4,3,4,3,5,5,4,5,4,3,5,3,5,5,3,5,5,4,5,5,4,5,3,3,4,3,4,1,1,1,1,1,1,1,1,1,1,1,1,1,1,1,1,1,1,1,1
CCGAKN4EDT72KC8TTJ76,1,1,1,1,1,1,1,1,1,1,1,1,1,1,1,1,1,1,1,1,5,5,4,5,5,4,3,5,5,3,3,5,4,4,3,5,5,5,5,5,4,4,4,4,4,3,4,4,3,5,3,4,4,5,3,3,4,3,3,3,4,5,5,4,4,4,3,5,1,1,1,1,1,1,1,1,1,1,1,1,1,1,1,1,1,1,1,1
CLXFYOBQDCVXQ9P7YC07,1,1,1,1,1,1,1,1,1,1,1,1,1,1,1,1,1,1,1,1,4,3,4,3,5,5,4,5,3,4,3,5,3,4,3,5,3,5,5,5,4,4,4,4,5,4,5,4,4,3,5,3,4,5,4,5,4,4,5,4,3,3,4,4,4,3,5,4,1,1,1,1,1,1,1,1,1,1,1,1,1,1,1,1,1,1,1,1
CMPXO4J23G58J53Q98SZ,1,1,1,1,1,1,1,1,1,1,1,1,1,1,1,1,1,1,1,1,3,3,4,5,5,3,4,5,4,3,5,4,3,4,3,4,3,3,4,3,4,4,5,4,4,4,4,3,3,5,4,3,4,5,3,3,4,3,5,3,5,5,5,5,5,5,5,5,1,1,1,1,1,1,1,1,1,1,1,1,1,1,1,1,1,1,1,1
CZPMV6KWZ4I7IJJP9FOK,1,1,1,1,1,1,1,1,1,1,1,1,1,1,1,1,1,1,1,1,5,3,3,5,4,4,3,3,3,3,5,5,3,3,3,5,3,4,3,5,4,5,3,5,5,4,5,4,4,4,3,5,4,3,5,3,3,4,5,4,5,4,3,5,3,5,3,5,1,1,1,1,1,1,1,1,1,1,1,1,1,1,1,1,1,1,1,1
DLKXBV73A55ZTSZ0QQI2,1,1,1,1,1,1,1,1,1,1,1,1,1,1,1,1,1,1,1,1,3,4,4,3,3,3,5,5,4,5,5,4,4,5,3,4,4,4,4,4,4,4,4,5,5,4,3,5,3,4,3,3,5,4,4,3,4,3,4,5,5,3,5,4,4,3,5,3,1,1,1,1,1,1,1,1,1,1,1,1,1,1,1,1,1,1,1,1
DQ5UYBGR5QP6L692QSG6,1,1,1,1,1,1,1,1,1,1,1,1,1,1,1,1,1,1,1,1,4,5,3,5,5,4,4,3,5,3,3,4,3,3,4,5,4,3,3,3,5,4,4,5,3,4,5,3,5,5,5,5,5,3,3,4,4,3,4,4,3,3,4,3,5,3,5,4,1,1,1,1,1,1,1,1,1,1,1,1,1,1,1,1,1,1,1,1
DYXSCIWHLSUOZIDDSZ40,1,1,1,1,1,1,1,1,1,1,1,1,1,1,1,1,1,1,1,1,3,3,4,4,3,3,5,5,3,5,3,5,5,4,4,3,3,3,5,3,5,4,4,3,3,4,3,3,5,5,3,5,4,3,5,5,4,5,4,4,3,4,3,5,5,5,4,3,1,1,1,1,1,1,1,1,1,1,1,1,1,1,1,1,1,1,1,1
E2ZMO66WGS74UKXTZPPQ,1,1,1,1,1,1,1,1,1,1,1,1,1,1,1,1,1,1,1,1,5,3,5,3,3,5,5,3,3,5,3,5,4,5,4,4,5,5,3,4,3,3,3,5,4,3,4,3,4,3,4,4,5,5,3,5,3,5,5,3,3,4,5,5,3,3,3,5,1,1,1,1,1,1,1,1,1,1,1,1,1,1,1,1,1,1,1,1
EJ5V7SPR4961JWD6SS8V,1,1,1,1,1,1,1,1,1,1,1,1,1,1,1,1,1,1,1,1,5,4,5,4,3,4,4,5,5,5,5,4,3,4,3,4,4,4,3,3,4,3,3,5,5,5,3,4,4,5,3,3,3,5,3,5,3,3,5,4,4,5,3,4,3,5,3,4,1,1,1,1,1,1,1,1,1,1,1,1,1,1,1,1,1,1,1,1
FGM5NIWN3URY4HF4WNUW,1,1,1,1,1,1,1,1,1,1,1,1,1,1,1,1,1,1,1,1,4,5,5,5,5,4,5,4,4,4,4,5,3,4,5,4,4,3,3,3,3,5,4,3,4,5,3,5,4,4,4,4,5,3,5,4,5,3,4,3,5,3,4,5,4,5,3,5,1,1,1,1,1,1,1,1,1,1,1,1,1,1,1,1,1,1,1,1
GSC9KNY0VEZXFSGWNF25,1,1,1,1,1,1,1,1,1,1,1,1,1,1,1,1,1,1,1,1,4,3,3,4,5,3,4,3,4,5,3,4,3,3,3,3,3,5,4,3,4,3,4,3,5,3,4,5,5,5,4,4,4,4,4,4,4,5,4,5,4,3,5,3,3,4,4,5,1,1,1,1,1,1,1,1,1,1,1,1,1,1,1,1,1,1,1,1
HVE7DR3CUA2IM3RC6OMA,1,1,1,1,1,1,1,1,1,1,1,1,1,1,1,1,1,1,1,1,5,4,5,3,3,5,4,5,3,5,3,5,4,5,4,3,3,5,5,4,4,3,4,4,4,5,4,5,4,5,5,5,4,5,4,5,5,5,4,5,3,3,5,4,5,4,4,4,1,1,1,1,1,1,1,1,1,1,1,1,1,1,1,1,1,1,1,1
HZZ4O0BRKF8S0YX3NNF7,1,1,1,1,1,1,1,1,1,1,1,1,1,1,1,1,1,1,1,1,5,3,3,3,3,3,4,4,4,5,3,5,3,5,5,5,3,4,5,4,5,3,5,4,3,4,3,5,3,3,4,3,5,5,3,5,3,3,4,3,3,5,5,4,3,3,5,3,1,1,1,1,1,1,1,1,1,1,1,1,1,1,1,1,1,1,1,1
I2VZ7N8H9QYNYT7ZZF1Y,1,1,1,1,1,1,1,1,1,1,1,1,1,1,1,1,1,1,1,1,4,5,5,3,4,5,3,4,3,4,4,5,5,5,4,3,3,4,4,3,4,4,5,4,4,3,4,4,5,5,4,5,4,3,3,3,5,5,3,3,4,3,3,4,4,4,4,5,1,1,1,1,1,1,1,1,1,1,1,1,1,1,1,1,1,1,1,1
IDWWHGWJ5STOQXSDT6GU,1,1,1,1,1,1,1,1,1,1,1,1,1,1,1,1,1,1,1,1,4,4,5,4,4,5,4,4,5,3,3,5,5,4,4,5,5,5,3,3,5,3,4,5,4,3,4,4,5,3,5,3,4,3,5,3,3,5,4,5,5,3,4,4,4,5,3,3,1,1,1,1,1,1,1,1,1,1,1,1,1,1,1,1,1,1,1,1
IIY6TYJMTJIZRIZLB9YW,1,1,1,1,1,1,1,1,1,1,1,1,1,1,1,1,1,1,1,1,3,5,3,3,5,5,3,4,4,5,5,3,4,3,3,5,4,4,3,5,5,5,5,3,4,4,5,3,3,3,5,3,5,3,3,3,3,4,4,4,5,5,4,3,4,5,4,4,1,1,1,1,1,1,1,1,1,1,1,1,1,1,1,1,1,1,1,1
IJJY51YW3W4YJJ7DTVTK,1,1,1,1,1,1,1,1,1,1,1,1,1,1,1,1,1,1,1,1,4,4,4,3,4,3,3,5,5,4,5,5,5,3,5,4,4,4,5,3,3,4,4,3,4,4,3,4,5,5,4,3,5,4,4,3,3,4,5,5,4,3,3,4,3,5,5,3,1,1,1,1,1,1,1,1,1,1,1,1,1,1,1,1,1,1,1,1
IQYKPTWXVV9H0IHB8YXC,1,1,1,1,1,1,1,1,1,1,1,1,1,1,1,1,1,1,1,1,5,4,3,4,4,4,5,4,5,4,3,5,5,3,3,3,4,5,4,4,4,5,3,3,3,4,4,4,4,5,5,3,3,5,4,3,4,3,4,3,4,5,4,3,3,5,3,5,1,1,1,1,1,1,1,1,1,1,1,1,1,1,1,1,1,1,1,1
JEC6HJ7SQJXBKVREX03F,1,1,1,1,1,1,1,1,1,1,1,1,1,1,1,1,1,1,1,1,4,5,4,5,5,3,4,3,5,4,5,4,3,3,5,4,3,4,3,5,3,3,3,3,3,4,4,3,5,4,5,3,4,4,4,5,3,4,4,4,3,4,3,4,4,5,4,4,1,1,1,1,1,1,1,1,1,1,1,1,1,1,1,1,1,1,1,1
JGFOLWJF7YCYD8DPHQNH,1,1,1,1,1,1,1,1,1,1,1,1,1,1,1,1,1,1,1,1,3,5,3,4,3,5,3,5,4,5,5,4,3,3,3,3,4,3,3,3,5,3,3,3,3,4,4,4,3,3,3,3,4,5,4,4,4,3,4,3,3,3,5,3,3,4,4,3,1,1,1,1,1,1,1,1,1,1,1,1,1,1,1,1,1,1,1,1
K32FD6LRSUSSXGS1YUOX,1,1,1,1,1,1,1,1,1,1,1,1,1,1,1,1,1,1,1,1,3,4,5,4,4,4,4,3,3,5,3,5,5,3,3,5,5,4,4,5,4,4,3,5,5,4,3,3,3,4,5,4,4,3,3,3,3,3,5,3,3,4,4,5,3,5,5,4,1,1,1,1,1,1,1,1,1,1,1,1,1,1,1,1,1,1,1,1
KM5RYAMP4P4ZP6XWP3Q2,1,1,1,1,1,1,1,1,1,1,1,1,1,1,1,1,1,1,1,1,4,5,3,4,4,3,4,5,4,4,3,4,4,5,4,5,3,4,3,5,5,3,5,4,4,5,3,5,3,4,4,5,4,5,5,4,3,4,4,4,4,4,4,5,5,4,5,5,1,1,1,1,1,1,1,1,1,1,1,1,1,1,1,1,1,1,1,1
KSNYHUBHHUJTYJ14UQZR,1,1,1,1,1,1,1,1,1,1,1,1,1,1,1,1,1,1,1,1,5,5,3,5,5,3,3,4,4,4,4,4,3,5,4,5,4,4,3,4,5,5,5,3,5,5,4,4,5,5,3,4,5,4,3,5,4,3,5,5,4,5,4,3,4,5,4,3,1,1,1,1,1,1,1,1,1,1,1,1,1,1,1,1,1,1,1,1
LH4FVU3TQDEC87YGN6FL,1,1,1,1,1,1,1,1,1,1,1,1,1,1,1,1,1,1,1,1,4,5,3,5,3,3,4,3,5,3,4,4,3,4,4,4,5,5,4,3,4,3,4,4,3,4,3,4,3,4,5,5,5,4,3,4,3,3,5,4,4,4,5,5,3,3,3,5,1,1,1,1,1,1,1,1,1,1,1,1,1,1,1,1,1,1,1,1
LJSDNMND9SHKM7Q4IRHJ,1,1,1,1,1,1,1,1,1,1,1,1,1,1,1,1,1,1,1,1,5,3,3,4,5,3,5,5,5,3,3,4,3,5,4,4,3,5,4,3,4,5,3,5,3,3,5,5,4,3,4,3,3,3,5,3,5,5,3,5,3,5,4,5,5,3,4,4,1,1,1,1,1,1,1,1,1,1,1,1,1,1,1,1,1,1,1,1
MFTDVMBWFNQ3F5KHBRDR,1,1,1,1,1,1,1,1,1,1,1,1,1,1,1,1,1,1,1,1,4,3,4,5,4,3,3,4,4,5,5,5,4,3,5,4,4,4,4,4,3,3,4,4,3,5,3,4,5,4,5,4,5,5,5,4,5,5,4,3,3,4,3,5,5,3,4,3,1,1,1,1,1,1,1,1,1,1,1,1,1,1,1,1,1,1,1,1
MJHV7F65TB2A76CQLOC3,1,1,1,1,1,1,1,1,1,1,1,1,1,1,1,1,1,1,1,1,5,3,3,5,5,3,3,5,4,5,3,3,4,5,5,4,4,3,5,4,3,3,5,4,4,4,3,5,4,4,3,3,5,4,3,4,5,3,5,4,4,4,3,4,5,3,5,4,1,1,1,1,1,1,1,1,1,1,1,1,1,1,1,1,1,1,1,1
MVKIPGBKTNSENNP1S4HB,1,1,1,1,1,1,1,1,1,1,1,1,1,1,1,1,1,1,1,1,5,4,5,4,3,5,4,4,3,3,4,3,3,3,3,5,5,4,4,3,4,4,4,4,3,4,5,4,5,4,5,3,4,3,3,3,4,3,3,5,3,4,3,3,3,5,4,4,1,1,1,1,1,1,1,1,1,1,1,1,1,1,1,1,1,1,1,1
O5TSIKRD4AIB8K84WIR9,1,1,1,1,1,1,1,1,1,1,1,1,1,1,1,1,1,1,1,1,4,4,3,3,5,3,5,3,4,3,3,3,4,4,4,4,3,4,4,3,3,5,4,3,3,3,5,4,4,5,5,3,4,5,5,5,3,5,5,4,5,4,5,5,3,4,3,4,1,1,1,1,1,1,1,1,1,1,1,1,1,1,1,1,1,1,1,1
OIRDLE32TXZX942FVZMM,1,1,1,1,1,1,1,1,1,1,1,1,1,1,1,1,1,1,1,1,5,5,5,4,4,4,4,5,3,3,3,5,3,5,4,4,3,4,4,3,3,4,5,5,4,4,4,5,5,3,3,5,3,5,4,5,3,3,4,4,3,5,5,5,4,4,3,3,1,1,1,1,1,1,1,1,1,1,1,1,1,1,1,1,1,1,1,1
P1OTI3IWJUIB5NRLULLH,1,1,1,1,1,1,1,1,1,1,1,1,1,1,1,1,1,1,1,1,4,4,4,4,3,5,5,3,5,3,3,3,5,3,3,3,5,5,5,5,4,5,4,4,3,3,5,4,5,3,4,3,5,3,4,5,3,3,3,5,3,4,3,5,3,3,3,3,1,1,1,1,1,1,1,1,1,1,1,1,1,1,1,1,1,1,1,1
PVNXUK681N9BY14K4Z86,1,1,1,1,1,1,1,1,1,1,1,1,1,1,1,1,1,1,1,1,4,4,5,4,3,3,4,5,3,3,3,4,5,3,4,4,4,4,3,3,4,5,3,3,5,4,3,5,3,4,5,5,4,4,4,3,5,5,5,5,4,4,5,3,3,5,3,3,1,1,1,1,1,1,1,1,1,1,1,1,1,1,1,1,1,1,1,1
Q0MEX9ZIKAGJORSPLQ3Y,1,1,1,1,1,1,1,1,1,1,1,1,1,1,1,1,1,1,1,1,4,3,5,5,5,5,3,3,5,4,3,4,4,5,3,5,5,3,3,3,4,5,4,5,3,3,5,4,4,5,5,5,3,3,5,4,4,3,4,5,3,5,3,5,4,3,5,4,1,1,1,1,1,1,1,1,1,1,1,1,1,1,1,1,1,1,1,1
Q7J0WYM695R9MA285ZW0,1,1,1,1,1,1,1,1,1,1,1,1,1,1,1,1,1,1,1,1,5,3,3,5,3,4,4,3,4,4,5,4,4,5,3,3,3,3,4,5,4,3,3,5,3,3,5,3,4,3,3,4,3,5,5,5,3,3,5,5,4,4,3,5,3,4,4,3,1,1,1,1,1,1,1,1,1,1,1,1,1,1,1,1,1,1,1,1
QZC1W0FNR19KJFLOCFLH,1,1,1,1,1,1,1,1,1,1,1,1,1,1,1,1,1,1,1,1,4,4,4,4,3,4,5,4,4,4,3,3,4,4,3,4,4,4,4,4,3,4,4,5,5,3,4,3,4,4,3,5,5,5,4,5,3,5,5,4,3,4,5,5,4,5,5,3,1,1,1,1,1,1,1,1,1,1,1,1,1,1,1,1,1,1,1,1
R8ER97O9UUN77C02VE2J,1,1,1,1,1,1,1,1,1,1,1,1,1,1,1,1,1,1,1,1,3,5,3,4,3,3,4,5,4,4,3,5,3,5,4,3,5,5,4,4,4,4,4,3,4,3,3,4,4,4,5,4,3,3,4,5,5,4,4,4,3,5,4,4,4,5,5,3,1,1,1,1,1,1,1,1,1,1,1,1,1,1,1,1,1,1,1,1
RSZY41MT2FGDKHWWL5L2,1,1,1,1,1,1,1,1,1,1,1,1,1,1,1,1,1,1,1,1,3,5,5,5,4,4,4,4,5,5,5,3,5,5,4,4,5,5,5,4,5,4,3,5,3,5,4,5,5,5,5,3,3,5,3,5,5,3,3,4,3,4,4,4,4,3,3,5,1,1,1,1,1,1,1,1,1,1,1,1,1,1,1,1,1,1,1,1
SN4LF8SGBSRQUPTDSX78,1,1,1,1,1,1,1,1,1,1,1,1,1,1,1,1,1,1,1,1,4,5,5,3,5,3,3,3,3,3,3,4,5,3,5,4,3,4,5,3,3,5,3,3,5,4,5,4,4,5,5,4,5,4,5,3,4,4,3,4,4,3,4,4,5,5,4,5,1,1,1,1,1,1,1,1,1,1,1,1,1,1,1,1,1,1,1,1
TDDI6L3Y0L9VVFP9MNFS,1,1,1,1,1,1,1,1,1,1,1,1,1,1,1,1,1,1,1,1,3,3,4,5,5,4,4,4,4,4,5,4,5,3,4,5,5,3,3,4,3,5,5,4,3,4,4,3,3,4,3,4,4,4,5,3,3,3,3,5,3,4,3,3,4,4,5,4,1,1,1,1,1,1,1,1,1,1,1,1,1,1,1,1,1,1,1,1
ULHWPWKKLTE921LQLH1P,1,1,1,1,1,1,1,1,1,1,1,1,1,1,1,1,1,1,1,1,5,5,4,5,3,3,3,4,5,3,5,4,4,5,3,4,4,5,4,5,3,3,3,4,5,3,3,5,5,3,5,4,3,5,3,5,3,5,5,3,3,3,5,3,3,5,3,3,1,1,1,1,1,1,1,1,1,1,1,1,1,1,1,1,1,1,1,1
UPT6DX9IQY9JAZ7HJKA7,1,1,1,1,1,1,1,1,1,1,1,1,1,1,1,1,1,1,1,1,5,4,3,3,3,3,5,4,5,4,3,4,4,5,4,3,5,4,5,5,4,3,5,3,3,4,5,3,3,5,4,4,3,5,3,3,5,4,4,4,4,3,3,3,3,5,5,5,1,1,1,1,1,1,1,1,1,1,1,1,1,1,1,1,1,1,1,1
UTBUJIWZMKP64E3N73YC,1,1,1,1,1,1,1,1,1,1,1,1,1,1,1,1,1,1,1,1,4,3,4,3,5,4,5,5,4,5,4,3,3,5,4,3,4,5,4,4,4,5,3,4,4,4,5,4,4,4,5,4,5,4,4,3,5,4,5,4,3,4,5,4,4,4,3,5,1,1,1,1,1,1,1,1,1,1,1,1,1,1,1,1,1,1,1,1
UZUZZT2W9IUSHL6ASOX3,1,1,1,1,1,1,1,1,1,1,1,1,1,1,1,1,1,1,1,1,3,3,4,4,5,5,3,3,4,4,5,4,4,3,4,5,3,3,4,5,5,3,3,3,4,5,4,4,3,4,3,4,5,3,5,4,5,4,3,4,5,4,4,3,3,4,4,3,1,1,1,1,1,1,1,1,1,1,1,1,1,1,1,1,1,1,1,1
V0MZOWJ6MU3RMRCV9EXR,1,1,1,1,1,1,1,1,1,1,1,1,1,1,1,1,1,1,1,1,5,5,5,4,3,3,3,3,4,4,3,5,5,5,5,5,3,3,4,5,3,5,3,5,3,5,5,3,5,4,5,5,3,4,5,3,5,5,4,4,3,4,3,5,4,4,3,5,1,1,1,1,1,1,1,1,1,1,1,1,1,1,1,1,1,1,1,1
VDOF02M8ZHEAADFMS6NP,1,1,1,1,1,1,1,1,1,1,1,1,1,1,1,1,1,1,1,1,4,3,4,5,3,3,4,5,4,5,5,5,3,3,4,5,5,3,4,5,3,4,3,4,5,3,3,5,5,3,4,5,4,4,4,5,4,5,3,4,3,5,5,5,3,4,4,4,1,1,1,1,1,1,1,1,1,1,1,1,1,1,1,1,1,1,1,1
VG4C826RAAKVMV9BQLVD,1,1,1,1,1,1,1,1,1,1,1,1,1,1,1,1,1,1,1,1,5,3,3,4,5,4,3,3,5,3,4,3,5,3,5,3,5,4,5,5,4,3,5,4,5,5,3,5,5,4,4,5,3,4,4,5,4,3,3,4,4,3,3,3,4,4,3,3,1,1,1,1,1,1,1,1,1,1,1,1,1,1,1,1,1,1,1,1
VIXBEFTNVHZWKAKURJBN,1,1,1,1,1,1,1,1,1,1,1,1,1,1,1,1,1,1,1,1,5,4,4,3,5,4,5,4,4,3,4,4,4,5,3,3,3,4,4,5,4,5,4,5,3,5,4,3,3,4,3,3,3,3,3,3,3,3,5,3,5,5,3,3,3,4,5,5,1,1,1,1,1,1,1,1,1,1,1,1,1,1,1,1,1,1,1,1
VQ2L3WM8KEVF6L44E6G9,1,1,1,1,1,1,1,1,1,1,1,1,1,1,1,1,1,1,1,1,4,4,5,3,3,4,5,4,4,3,4,3,5,3,5,4,4,5,3,4,4,4,4,4,4,4,3,4,4,3,5,4,5,5,3,5,3,5,5,4,3,5,4,3,3,5,3,4,1,1,1,1,1,1,1,1,1,1,1,1,1,1,1,1,1,1,1,1
WBG9WYZ1B25WDT5WAT8T,1,1,1,1,1,1,1,1,1,1,1,1,1,1,1,1,1,1,1,1,4,3,3,3,3,5,3,4,3,5,4,4,3,4,4,4,3,5,5,4,5,5,4,5,3,5,4,4,3,3,3,3,5,4,4,3,5,3,3,3,3,3,5,3,5,3,3,5,1,1,1,1,1,1,1,1,1,1,1,1,1,1,1,1,1,1,1,1
WMDG2EFA6L2SNDZXIRU0,1,1,1,1,1,1,1,1,1,1,1,1,1,1,1,1,1,1,1,1,5,5,5,3,4,5,5,3,5,5,4,3,3,3,3,5,3,5,4,5,4,5,3,4,5,3,5,5,5,4,5,5,3,5,4,5,3,5,5,3,4,3,4,3,5,4,4,5,1,1,1,1,1,1,1,1,1,1,1,1,1,1,1,1,1,1,1,1
WNPKE0W404QE9AELX1LR,1,1,1,1,1,1,1,1,1,1,1,1,1,1,1,1,1,1,1,1,5,4,3,5,5,4,3,3,3,3,4,4,5,4,4,3,4,4,3,5,5,5,3,3,4,4,3,3,5,3,3,5,4,3,5,5,5,4,5,4,3,5,3,5,4,3,3,3,1,1,1,1,1,1,1,1,1,1,1,1,1,1,1,1,1,1,1,1
WSJB9P4JCXUVHBOYFVWL,1,1,1,1,1,1,1,1,1,1,1,1,1,1,1,1,1,1,1,1,3,5,3,3,4,5,4,3,3,5,4,4,4,5,4,3,3,3,4,3,5,4,3,3,3,5,3,5,5,3,4,4,3,5,5,4,3,3,3,4,5,4,5,3,3,4,5,5,1,1,1,1,1,1,1,1,1,1,1,1,1,1,1,1,1,1,1,1
WW8F5CO4S4K5IM5Z7EXX,1,1,1,1,1,1,1,1,1,1,1,1,1,1,1,1,1,1,1,1,3,3,3,4,5,4,5,3,4,5,5,5,5,5,5,3,4,5,5,3,3,3,5,5,4,3,3,5,3,3,4,3,5,4,3,3,4,3,4,3,5,4,4,4,5,4,4,4,1,1,1,1,1,1,1,1,1,1,1,1,1,1,1,1,1,1,1,1
X18LU5AOBNNDMLTA0JZL,1,1,1,1,1,1,1,1,1,1,1,1,1,1,1,1,1,1,1,1,4,3,5,4,5,3,3,3,4,5,5,3,4,3,4,4,3,4,3,4,4,3,3,3,5,3,4,4,3,4,4,3,5,3,3,4,4,5,3,5,4,3,5,3,5,4,5,3,1,1,1,1,1,1,1,1,1,1,1,1,1,1,1,1,1,1,1,1
XYDLYJ5CS19FDBVLJIPI,1,1,1,1,1,1,1,1,1,1,1,1,1,1,1,1,1,1,1,1,5,3,4,4,4,4,4,4,4,4,4,5,4,5,5,5,4,4,4,4,4,5,4,3,3,3,4,5,3,4,5,3,4,5,4,4,5,3,4,4,4,4,3,4,4,5,4,5,1,1,1,1,1,1,1,1,1,1,1,1,1,1,1,1,1,1,1,1
Y7ZU0B2APPF54WG6PDMF,1,1,1,1,1,1,1,1,1,1,1,1,1,1,1,1,1,1,1,1,5,4,4,5,4,5,5,4,4,4,5,4,4,4,4,3,5,4,3,5,5,3,4,4,5,4,4,5,5,5,5,4,5,5,5,3,4,4,4,4,3,3,5,4,5,4,4,3,1,1,1,1,1,1,1,1,1,1,1,1,1,1,1,1,1,1,1,1
YDKD1HVHSME6NVMA8I39,1,1,1,1,1,1,1,1,1,1,1,1,1,1,1,1,1,1,1,1,4,5,5,5,5,3,5,4,4,5,5,3,4,4,3,5,4,4,4,5,5,4,3,5,5,3,5,5,4,5,5,4,5,5,4,5,3,5,3,3,5,3,3,5,4,4,3,3,1,1,1,1,1,1,1,1,1,1,1,1,1,1,1,1,1,1,1,1
Z9GMG63CJLL0VW893BB1,1,1,1,1,1,1,1,1,1,1,1,1,1,1,1,1,1,1,1,1,5,3,3,3,3,5,3,5,4,4,3,5,3,3,4,3,5,5,4,5,4,5,4,5,5,5,5,4,5,3,3,3,3,3,3,3,5,3,5,3,5,4,4,5,3,3,4,3,1,1,1,1,1,1,1,1,1,1,1,1,1,1,1,1,1,1,1,1
ZIJLJAVQV3FJ6JSQOH1E,1,1,1,1,1,1,1,1,1,1,1,1,1,1,1,1,1,1,1,1,5,5,5,4,3,4,5,4,5,4,4,4,3,5,5,5,5,3,5,4,5,3,3,4,4,4,3,4,3,4,5,4,4,5,4,5,3,4,3,5,3,5,4,5,5,5,3,3,1,1,1,1,1,1,1,1,1,1,1,1,1,1,1,1,1,1,1,1
ZQPMJ4XEC5A4BISD45P1,1,1,1,1,1,1,1,1,1,1,1,1,1,1,1,1,1,1,1,1,3,5,3,3,3,5,5,4,5,5,5,3,3,4,3,5,4,4,4,5,3,4,5,3,4,5,3,3,4,3,5,4,4,5,4,4,5,3,3,3,4,5,3,3,3,4,3,4,1,1,1,1,1,1,1,1,1,1,1,1,1,1,1,1,1,1,1,1
